{
  "best_global_step": 41,
  "best_metric": 0.994858128995014,
  "best_model_checkpoint": "./model_ner_luas_harga/checkpoint-41",
  "epoch": 1.0,
  "eval_steps": 500,
  "global_step": 41,
  "is_hyper_param_search": false,
  "is_local_process_zero": true,
  "is_world_process_zero": true,
  "log_history": [
    {
      "epoch": 0.4878048780487805,
      "grad_norm": 0.9466376304626465,
      "learning_rate": 4.2276422764227644e-05,
      "loss": 0.29417588710784914,
      "step": 20
    },
    {
      "epoch": 0.975609756097561,
      "grad_norm": 1.154797077178955,
      "learning_rate": 3.414634146341464e-05,
      "loss": 0.38396306037902833,
      "step": 40
    },
    {
      "epoch": 1.0,
      "eval_accuracy": 0.9965701219512195,
      "eval_f1": 0.994858128995014,
      "eval_loss": 0.13353122770786285,
      "eval_precision": 0.9931520079658686,
      "eval_recall": 0.9965701219512195,
      "eval_runtime": 13.4149,
      "eval_samples_per_second": 6.113,
      "eval_steps_per_second": 0.82,
      "step": 41
    }
  ],
  "logging_steps": 20,
  "max_steps": 123,
  "num_input_tokens_seen": 0,
  "num_train_epochs": 3,
  "save_steps": 500,
  "stateful_callbacks": {
    "TrainerControl": {
      "args": {
        "should_epoch_stop": false,
        "should_evaluate": false,
        "should_log": false,
        "should_save": true,
        "should_training_stop": false
      },
      "attributes": {}
    }
  },
  "total_flos": 7201630218240.0,
  "train_batch_size": 8,
  "trial_name": null,
  "trial_params": null
}
