{
  "best_global_step": 58,
  "best_metric": 0.9542045631484889,
  "best_model_checkpoint": "./model_ner_profil/checkpoint-58",
  "epoch": 1.0,
  "eval_steps": 500,
  "global_step": 58,
  "is_hyper_param_search": false,
  "is_local_process_zero": true,
  "is_world_process_zero": true,
  "log_history": [
    {
      "epoch": 0.3448275862068966,
      "grad_norm": 0.8458544015884399,
      "learning_rate": 4.454022988505747e-05,
      "loss": 0.7018452167510987,
      "step": 20
    },
    {
      "epoch": 0.6896551724137931,
      "grad_norm": 1.0309027433395386,
      "learning_rate": 3.8793103448275865e-05,
      "loss": 0.7263908386230469,
      "step": 40
    },
    {
      "epoch": 1.0,
      "eval_accuracy": 0.9692764945652174,
      "eval_f1": 0.9542045631484889,
      "eval_loss": 1.141609787940979,
      "eval_precision": 0.9395941819524638,
      "eval_recall": 0.9692764945652174,
      "eval_runtime": 18.3654,
      "eval_samples_per_second": 6.262,
      "eval_steps_per_second": 0.817,
      "step": 58
    }
  ],
  "logging_steps": 20,
  "max_steps": 174,
  "num_input_tokens_seen": 0,
  "num_train_epochs": 3,
  "save_steps": 500,
  "stateful_callbacks": {
    "TrainerControl": {
      "args": {
        "should_epoch_stop": false,
        "should_evaluate": false,
        "should_log": false,
        "should_save": true,
        "should_training_stop": false
      },
      "attributes": {}
    }
  },
  "total_flos": 10121955588096.0,
  "train_batch_size": 8,
  "trial_name": null,
  "trial_params": null
}
